term,npar,AIC,BIC,logLik,deviance,statistic,df,p.value
m0,3,736.1300211586657,746.6337957902999,-365.06501057933286,730.1300211586657,NA,NA,NA
m1,4,691.2336964862446,705.2387293284236,-341.6168482431223,683.2336964862446,46.89632467242109,1,7.48429353151494e-12
m2,5,693.0078341584618,710.5141252111855,-341.5039170792309,683.0078341584618,0.22586232778280646,1,0.6346089686656183
m3,6,693.6609612553402,714.6685105186086,-340.8304806276701,681.6609612553402,1.3468729031216071,1,0.2458255449082985
m4,7,694.7674112953508,719.276218769164,-340.3837056476754,680.7674112953508,0.8935499599894001,1,0.3445171120959652
