term,npar,AIC,BIC,logLik,deviance,statistic,df,p.value
m0,3,-863.1988642659209,-852.6950896342867,434.59943213296043,-869.1988642659209,NA,NA,NA
m1,4,-861.7565688517302,-847.7515360095513,434.8782844258651,-869.7565688517302,0.557704585809347,1,0.45518658106618687
m2,5,-860.0356838685293,-842.5293928158056,435.01784193426465,-870.0356838685293,0.27911501679909634,1,0.5972818534999136
m3,6,-858.2793697718677,-837.2718205085993,435.13968488593383,-870.2793697718677,0.24368590333835982,1,0.6215565442473563
m4,7,-858.3900803263463,-833.8812728525331,436.19504016317313,-872.3900803263463,2.110710554478601,1,0.14627138599153677
